final_segment,size,avg_AOV,avg_engagement,avg_sessions,avg_profitability,conversion_potential,lift,profitability,size_score,strategic_fit,overall_score
High AOV - At Risk,2,1816.0,23.0,3.0,48.0,50.12106537530266,44.99999999999999,68.89952153110048,22.22222222222222,100,56.92839829414316
Low AOV - Loyal,3,340.6666666666667,43.666666666666664,6.666666666666667,69.66666666666667,95.15738498789347,100.0,100.0,33.33333333333333,0,81.88054882970137
Mid AOV - Low Session,6,980.5,36.833333333333336,3.5,57.0,80.26634382566587,52.5,81.81818181818181,66.66666666666666,0,65.79202435982097
Other Bucket,9,935.2222222222222,45.888888888888886,4.777777777777778,53.55555555555556,100.0,71.66666666666667,76.87400318979266,100.0,0,77.39553429027113
